baseMean,log2FoldChange,lfcSE,pvalue,padj,symbol,gene_biotype
997.4447326114739,4.559848128874018,0.1858829629663206,4.110667052084328e-136,7.055959994902749e-132,SPARCL1,protein_coding
495.09568652581095,3.2801187006208017,0.1332056410959279,4.4633843767984596e-135,3.830699641387278e-131,CACNB2,protein_coding
3409.038354901434,2.9365910857619992,0.12250237780126723,3.0338395292261794e-129,1.7358618506389123e-125,DUSP1,protein_coding
12703.412825239811,3.7543421090472164,0.1576101122503365,7.682657129466647e-129,3.296820240682375e-125,SAMHD1,protein_coding
2341.7806756905375,3.341299828578556,0.14323399021860736,5.212705712085879e-123,1.7895218709590823e-119,MAOA,protein_coding
12285.700054712408,3.7161110587122295,0.16848271160713174,2.585059106050711e-111,7.395423259226742e-108,GPX3,protein_coding
3009.2728752615476,1.9692555333649286,0.090631064866422,6.091348566180975e-106,1.4936856876928063e-102,STEAP2,protein_coding
5393.114540935523,2.0278301517012993,0.0949583392006272,1.5654623239264784e-102,3.3588950987747504e-99,NEXN,protein_coding
3656.267400374528,2.1987518583301067,0.10650627191137413,1.8496442068678105e-96,3.527682534542885e-93,MT2A,protein_coding
30315.113170016044,2.3345422426051847,0.11700235996598349,2.2667565468644763e-90,3.8908876126928735e-87,ADAMTS1,protein_coding
1223.4631520737137,2.216922610120094,0.11348804130317294,1.7298763246335202e-86,2.6993933738485796e-83,FGD4,protein_coding
1099.6380772364403,1.8750862588041328,0.09610790145946203,2.0847576740889573e-86,2.9820721229780794e-83,PDPN,protein_coding
5510.956476511939,2.1825595308121684,0.11305325312888966,7.481176909938605e-85,9.878030896853551e-82,SORT1,protein_coding
776.6001640986127,3.176614282794541,0.16550384983369637,2.5751827339060203e-84,3.1573579733926317e-81,PER1,protein_coding
508.164810682556,-3.672830761786679,0.19190051216594373,4.476280180311212e-84,5.122356619669464e-81,VCAM1,protein_coding
561.1110482618218,4.432576501186326,0.23744457466776195,1.9906193060408827e-80,2.1355612742619843e-77,KLF15,protein_coding
2649.822514745464,-2.5132875340500602,0.1358653070707192,1.9433888453263983e-78,1.9622511488251545e-75,KCTD12,protein_coding
2057.2044087319314,2.9011898246862984,0.16353776942530715,7.695555785669421e-73,7.338567503389756e-70,CCDC69,protein_coding
1365.1639746634548,-1.803572018649336,0.1010988210937003,1.6368598012466146e-72,1.4787736046525338e-69,ADAM12,protein_coding
25136.089018190356,-1.9008114533209282,0.10678497617394941,2.549967238459439e-72,2.1885093824078132e-69,CXCL12,protein_coding
313.6861593488862,-2.739118983049505,0.15493113431864686,3.526053326212741e-71,2.8821288259257956e-68,PRSS35,protein_coding
884.7374008323671,-1.7461296239375144,0.10011039336352197,2.9965189827851274e-69,2.3379658336139415e-66,DNM1,protein_coding
670.046865009161,1.8869104122309217,0.10904231394328424,2.605061520721528e-68,1.9441687392689144e-65,ACSS1,protein_coding
1216.5769096720453,-2.1741452460396165,0.12633003521286487,8.107663630960604e-68,5.798668592726615e-65,CCKAR,protein_coding
1040.174817463747,1.9759671248039135,0.11515613555833767,2.1386618942012038e-67,1.4684052565585466e-64,TRNP1,protein_coding
8565.675760807148,2.246049949278862,0.13228658108410488,2.0071129957851382e-66,1.3250805604866116e-63,PTX3,protein_coding
1467.6383230197741,1.5093432324594604,0.08850213772446909,2.1947373514995415e-66,1.3952839495736901e-63,DNAJB4,protein_coding
1281.4567869999385,-2.3943719428373185,0.14227739405660553,1.4817295871011616e-65,9.083531558068372e-63,SOX4,protein_coding
11193.7231981539,1.439026816207932,0.08519374220276628,3.163913841518624e-65,1.8319922570845366e-62,STOM,protein_coding
1969.0400886800082,2.3056924213246712,0.13714299316468961,3.2018507260434665e-65,1.8319922570845366e-62,ADARB1,protein_coding
